timestamp,signal
0.000000,0.590762
0.002000,2.100754
0.004000,0.959251
0.006000,1.907235
0.008000,-0.395603
0.010000,-0.070026
0.012000,0.327153
0.014000,-1.111975
0.016000,0.240603
0.018000,-0.055029
0.020000,0.352379
0.022000,0.756307
0.024000,-0.296089
0.026000,2.949853
0.028000,1.665756
0.030000,1.059925
0.032000,-0.078721
0.034000,-1.760720
0.036000,0.338497
0.038000,-0.637574
0.040000,1.281392
0.042000,2.644605
0.044000,2.068515
0.046000,1.502975
0.048000,0.800560
0.050000,0.962851
0.052000,2.216020
0.054000,0.673298
0.056000,0.577486
0.058000,-0.482500
0.060000,0.893001
0.062000,2.342159
0.064000,1.848708
0.066000,3.907601
0.068000,2.593787
0.070000,1.895326
0.072000,0.418196
0.074000,-1.043238
0.076000,2.101148
0.078000,1.583909
0.080000,2.060936
0.082000,2.445811
0.084000,1.247869
0.086000,2.861697
0.088000,1.593581
0.090000,1.763954
0.092000,2.334973
0.094000,1.148433
0.096000,0.940908
0.098000,-0.283394
0.100000,1.973641
0.102000,4.500407
0.104000,3.107356
0.106000,3.335535
0.108000,1.629315
0.110000,1.479991
0.112000,1.893926
0.114000,0.815324
0.116000,2.515137
0.118000,1.417249
0.120000,1.708350
0.122000,1.599207
0.124000,1.266716
0.126000,4.045201
0.128000,3.605397
0.130000,2.293096
0.132000,0.941666
0.134000,0.007071
0.136000,1.914704
0.138000,1.255243
0.140000,2.309323
0.142000,3.582739
0.144000,2.589885
0.146000,3.391811
0.148000,1.169398
0.150000,1.703023
0.152000,2.321901
0.154000,0.865088
0.156000,1.008917
0.158000,0.019486
0.160000,0.918161
0.162000,2.994549
0.164000,2.443105
0.166000,3.740912
0.168000,2.608640
0.170000,1.867147
0.172000,-0.164062
0.174000,-0.739567
0.176000,2.406318
0.178000,2.020094
0.180000,1.856734
0.182000,2.217218
0.184000,0.890471
0.186000,3.153296
0.188000,1.797682
0.190000,1.832142
0.192000,2.031714
0.194000,0.223380
0.196000,0.133377
0.198000,-1.028646
0.200000,0.845073
0.202000,3.360882
0.204000,1.701374
0.206000,2.644159
0.208000,0.050546
0.210000,0.939486
0.212000,0.181812
0.214000,-0.998823
0.216000,1.353910
0.218000,0.558287
0.220000,0.439532
0.222000,0.832146
0.224000,0.569731
0.226000,3.229614
0.228000,2.260224
0.230000,0.500882
0.232000,-0.580739
0.234000,-2.035492
0.236000,-0.008885
0.238000,-0.867367
0.240000,0.132920
0.242000,1.940677
0.244000,0.703909
0.246000,1.064265
0.248000,-0.846258
0.250000,-0.031569
0.252000,0.828826
0.254000,-1.159125
0.256000,-0.592462
0.258000,-2.850746
0.260000,-0.394664
0.262000,0.808822
0.264000,0.101572
0.266000,2.060458
0.268000,0.310194
0.270000,-0.872726
0.272000,-1.562474
0.274000,-3.542101
0.276000,-0.011690
0.278000,-0.278935
0.280000,-0.050529
0.282000,-0.662215
0.284000,-1.108758
0.286000,0.298096
0.288000,-1.016272
0.290000,-0.427170
0.292000,-0.765508
0.294000,-2.279650
0.296000,-1.753783
0.298000,-3.781351
0.300000,-1.180247
0.302000,0.588792
0.304000,-0.375340
0.306000,0.237934
0.308000,-1.547310
0.310000,-1.548797
0.312000,-1.608493
0.314000,-3.007962
0.316000,-0.955239
0.318000,-2.060991
0.320000,-1.842815
0.322000,-1.970755
0.324000,-2.093571
0.326000,0.534809
0.328000,0.071644
0.330000,-1.125569
0.332000,-2.569917
0.334000,-4.395988
0.336000,-1.474274
0.338000,-2.927988
0.340000,-1.404526
0.342000,-0.060536
0.344000,-1.391859
0.346000,-0.898163
0.348000,-2.696571
0.350000,-1.889337
0.352000,-0.829536
0.354000,-2.536300
0.356000,-2.707422
0.358000,-3.583964
0.360000,-2.225584
0.362000,-1.038759
0.364000,-1.517115
0.366000,0.158851
0.368000,-1.405554
0.370000,-1.708884
0.372000,-3.226878
0.374000,-4.238964
0.376000,-1.447366
0.378000,-2.106121
0.380000,-1.759488
0.382000,-1.272673
0.384000,-2.383506
0.386000,-0.053465
0.388000,-1.643091
0.390000,-1.654140
0.392000,-1.146525
0.394000,-3.238705
0.396000,-3.173639
0.398000,-3.894911
0.400000,-1.784575
0.402000,0.535807
0.404000,-0.471771
0.406000,-0.414596
0.408000,-2.171791
0.410000,-2.408339
0.412000,-2.336344
0.414000,-3.498361
0.416000,-1.293601
0.418000,-1.674632
0.420000,-1.705918
0.422000,-1.417305
0.424000,-2.527468
0.426000,1.039937
0.428000,0.043312
0.430000,-1.030409
0.432000,-2.237644
0.434000,-3.941146
0.436000,-1.760762
0.438000,-2.434322
0.440000,-0.781397
0.442000,-0.211707
0.444000,-0.595801
0.446000,0.035857
0.448000,-1.954107
0.450000,-0.988826
0.452000,-0.445928
0.454000,-1.938206
0.456000,-1.718778
0.458000,-2.656464
0.460000,-1.585936
0.462000,0.584288
0.464000,-0.854829
0.466000,1.504442
0.468000,-0.021292
0.470000,-0.323074
0.472000,-1.882463
0.474000,-3.338001
0.476000,-0.073614
0.478000,-0.883920
0.480000,-0.933169
0.482000,-0.045364
0.484000,-0.389961
0.486000,1.645614
0.488000,-0.001895
0.490000,-0.432147
0.492000,0.750891
0.494000,-1.252098
0.496000,-1.450054
0.498000,-2.449529
0.500000,0.383134
0.502000,2.401995
0.504000,1.222918
0.506000,2.199554
0.508000,-0.402618
0.510000,0.291139
0.512000,0.615990
0.514000,-1.478045
0.516000,0.639073
0.518000,0.121707
0.520000,0.663387
0.522000,-0.137617
0.524000,-0.048253
0.526000,3.477502
0.528000,2.232748
0.530000,0.845501
0.532000,0.185273
0.534000,-1.705183
0.536000,0.487555
0.538000,-0.032637
0.540000,1.180877
0.542000,3.042643
0.544000,1.433799
0.546000,2.118103
0.548000,-0.447941
0.550000,1.632369
0.552000,2.146473
0.554000,0.573306
0.556000,0.830951
0.558000,-0.389662
0.560000,1.340101
0.562000,2.462642
0.564000,1.784767
0.566000,3.767787
0.568000,2.060109
0.570000,1.809724
0.572000,0.076098
0.574000,-1.124057
0.576000,2.193387
0.578000,1.923055
0.580000,1.895837
0.582000,2.359528
0.584000,0.913621
0.586000,3.776133
0.588000,1.309496
0.590000,1.960307
0.592000,2.442989
0.594000,0.398084
0.596000,0.513185
0.598000,-0.197177
0.600000,1.910335
0.602000,4.229246
0.604000,2.842973
0.606000,3.467424
0.608000,1.619085
0.610000,1.326304
0.612000,1.498346
0.614000,0.434844
0.616000,2.695490
0.618000,1.252607
0.620000,2.035453
0.622000,2.070333
0.624000,1.750268
0.626000,4.755448
0.628000,3.570888
0.630000,1.545597
0.632000,1.359890
0.634000,-0.115480
0.636000,1.510604
0.638000,1.235302
0.640000,2.092079
0.642000,3.255187
0.644000,3.021513
0.646000,3.254223
0.648000,0.792288
0.650000,1.949650
0.652000,2.833658
0.654000,0.880342
0.656000,1.023265
0.658000,0.137450
0.660000,1.477362
0.662000,2.708290
0.664000,2.613384
0.666000,3.750459
0.668000,2.733878
0.670000,1.302396
0.672000,0.103025
0.674000,-0.534212
0.676000,1.603932
0.678000,1.538491
0.680000,1.884488
0.682000,1.692439
0.684000,0.960910
0.686000,3.308605
0.688000,1.302908
0.690000,1.445327
0.692000,1.774469
0.694000,-0.036622
0.696000,0.662697
0.698000,-0.762192
0.700000,1.293398
0.702000,3.061753
0.704000,1.333160
0.706000,2.480403
0.708000,0.427203
0.710000,0.276691
0.712000,0.807542
0.714000,-0.979445
0.716000,1.076731
0.718000,0.451653
0.720000,0.608653
0.722000,0.388095
0.724000,0.004516
0.726000,3.097001
0.728000,2.047629
0.730000,1.114476
0.732000,-0.562762
0.734000,-1.980653
0.736000,-0.368070
0.738000,-0.483278
0.740000,0.635481
0.742000,1.919571
0.744000,1.058788
0.746000,1.094138
0.748000,-1.200451
0.750000,-0.052083
0.752000,0.697086
0.754000,-0.519840
0.756000,-1.004719
0.758000,-2.001838
0.760000,-0.362758
0.762000,0.671573
0.764000,0.346976
0.766000,1.911811
0.768000,0.383230
0.770000,-0.808338
0.772000,-1.077213
0.774000,-3.222329
0.776000,0.537314
0.778000,-0.682509
0.780000,0.068273
0.782000,-0.079845
0.784000,-1.122440
0.786000,0.586797
0.788000,-0.859690
0.790000,-0.350251
0.792000,-0.304654
0.794000,-2.432403
0.796000,-2.364991
0.798000,-3.672945
0.800000,-1.336776
0.802000,0.906233
0.804000,-0.195043
0.806000,-0.462668
0.808000,-1.735348
0.810000,-1.818249
0.812000,-1.876690
0.814000,-3.162663
0.816000,-1.816784
0.818000,-1.548335
0.820000,-2.115980
0.822000,-2.223996
0.824000,-2.602714
0.826000,1.097628
0.828000,-0.176695
0.830000,-1.384457
0.832000,-2.893157
0.834000,-4.024894
0.836000,-1.906620
0.838000,-2.398642
0.840000,-1.076919
0.842000,-0.154432
0.844000,-1.499606
0.846000,-1.087081
0.848000,-3.016271
0.850000,-1.977669
0.852000,-0.906753
0.854000,-2.546995
0.856000,-3.326551
0.858000,-3.692271
0.860000,-2.238765
0.862000,-1.273616
0.864000,-1.776611
0.866000,-0.172113
0.868000,-1.853923
0.870000,-2.678481
0.872000,-3.286566
0.874000,-4.328804
0.876000,-1.314178
0.878000,-1.937287
0.880000,-2.551944
0.882000,-1.556703
0.884000,-2.437869
0.886000,-0.218416
0.888000,-2.635327
0.890000,-1.462659
0.892000,-1.111764
0.894000,-3.071844
0.896000,-2.610472
0.898000,-4.201935
0.900000,-1.470171
0.902000,0.743178
0.904000,-0.974508
0.906000,-0.199328
0.908000,-2.242616
0.910000,-2.372772
0.912000,-1.435550
0.914000,-4.191953
0.916000,-1.500804
0.918000,-1.478812
0.920000,-1.654474
0.922000,-1.707366
0.924000,-2.112128
0.926000,0.940934
0.928000,0.031540
0.930000,-1.806920
0.932000,-2.074032
0.934000,-4.000057
0.936000,-1.892931
0.938000,-2.431865
0.940000,-0.917551
0.942000,0.659439
0.944000,-0.408609
0.946000,-0.445099
0.948000,-2.320613
0.950000,-0.655227
0.952000,-0.179371
0.954000,-1.640355
0.956000,-1.427767
0.958000,-2.753875
0.960000,-1.681269
0.962000,-0.101913
0.964000,-0.830361
0.966000,1.554691
0.968000,0.092739
0.970000,-0.675549
0.972000,-2.080103
0.974000,-3.212130
0.976000,-0.615886
0.978000,-0.481825
0.980000,-0.673040
0.982000,-0.066724
0.984000,-1.430217
0.986000,1.312050
0.988000,0.095687
0.990000,0.307720
0.992000,0.181416
0.994000,-1.221068
0.996000,-1.044197
0.998000,-2.306495
1.000000,-0.051183
1.002000,1.228323
1.004000,0.982498
1.006000,1.383603
1.008000,-0.091538
1.010000,-0.697750
1.012000,-0.244419
1.014000,-0.594760
1.016000,0.206062
1.018000,-0.352043
1.020000,-0.111935
1.022000,0.265320
1.024000,-0.076427
1.026000,3.136433
1.028000,1.857199
1.030000,1.128308
1.032000,-0.707950
1.034000,-1.640886
1.036000,0.443748
1.038000,-0.247264
1.040000,1.499979
1.042000,3.253433
1.044000,1.875428
1.046000,2.557868
1.048000,0.494921
1.050000,1.029977
1.052000,1.934609
1.054000,0.361463
1.056000,0.524324
1.058000,0.222837
1.060000,1.533906
1.062000,2.534485
1.064000,1.630088
1.066000,3.298524
1.068000,2.362804
1.070000,1.917890
1.072000,0.086351
1.074000,-0.888811
1.076000,2.043602
1.078000,1.346897
1.080000,1.954094
1.082000,2.354503
1.084000,1.308000
1.086000,3.685889
1.088000,1.763341
1.090000,1.619622
1.092000,2.259880
1.094000,0.890848
1.096000,1.140250
1.098000,-0.082967
1.100000,1.820243
1.102000,4.502271
1.104000,2.981382
1.106000,3.030321
1.108000,1.534605
1.110000,1.558840
1.112000,1.951456
1.114000,0.608734
1.116000,2.178050
1.118000,1.737257
1.120000,1.850602
1.122000,1.729324
1.124000,1.363513
1.126000,4.416541
1.128000,3.788474
1.130000,2.240526
1.132000,1.901611
1.134000,-0.691195
1.136000,1.844080
1.138000,1.265055
1.140000,2.165810
1.142000,3.796695
1.144000,2.516217
1.146000,3.732442
1.148000,0.435410
1.150000,2.072906
1.152000,3.169732
1.154000,0.893705
1.156000,0.798600
1.158000,0.102796
1.160000,1.435211
1.162000,3.203736
1.164000,2.012754
1.166000,3.805290
1.168000,2.583577
1.170000,1.502656
1.172000,0.106536
1.174000,-1.165671
1.176000,1.806736
1.178000,1.499207
1.180000,1.979134
1.182000,1.776925
1.184000,1.643559
1.186000,3.005866
1.188000,1.335490
1.190000,2.070275
1.192000,1.807022
1.194000,0.551607
1.196000,0.187658
1.198000,-0.548869
1.200000,1.454540
1.202000,3.026418
1.204000,2.581611
1.206000,2.436095
1.208000,0.744265
1.210000,0.845606
1.212000,0.831190
1.214000,-0.548438
1.216000,1.453088
1.218000,0.266222
1.220000,-0.114758
1.222000,0.684238
1.224000,0.039591
1.226000,3.230802
1.228000,1.698278
1.230000,0.933647
1.232000,-0.251631
1.234000,-1.790923
1.236000,0.290325
1.238000,-0.477292
1.240000,0.910549
1.242000,1.878188
1.244000,0.887979
1.246000,0.839680
1.248000,-1.684683
1.250000,-0.382793
1.252000,0.969458
1.254000,-0.268231
1.256000,-0.713703
1.258000,-1.703242
1.260000,-0.126893
1.262000,1.063001
1.264000,0.215490
1.266000,1.664765
1.268000,0.152829
1.270000,-0.880076
1.272000,-1.438373
1.274000,-2.953463
1.276000,-0.131795
1.278000,-1.008500
1.280000,-0.567472
1.282000,-0.749449
1.284000,-1.368880
1.286000,0.968996
1.288000,-0.804855
1.290000,-1.225604
1.292000,-0.455497
1.294000,-2.430873
1.296000,-1.383635
1.298000,-3.219616
1.300000,-0.936704
1.302000,0.546045
1.304000,-0.307083
1.306000,0.083514
1.308000,-1.980373
1.310000,-1.511992
1.312000,-1.332775
1.314000,-2.979790
1.316000,-0.935796
1.318000,-1.930615
1.320000,-1.500637
1.322000,-1.860543
1.324000,-2.789626
1.326000,0.684235
1.328000,-0.327258
1.330000,-1.336436
1.332000,-2.346826
1.334000,-4.242230
1.336000,-1.902020
1.338000,-3.216011
1.340000,-1.564506
1.342000,-0.472848
1.344000,-1.691205
1.346000,-1.511089
1.348000,-3.423088
1.350000,-1.756043
1.352000,-1.193329
1.354000,-3.061089
1.356000,-2.777525
1.358000,-3.733567
1.360000,-2.390204
1.362000,-0.945002
1.364000,-1.511304
1.366000,-0.141542
1.368000,-0.927025
1.370000,-2.029049
1.372000,-3.630892
1.374000,-4.660473
1.376000,-1.716440
1.378000,-1.538269
1.380000,-1.810075
1.382000,-2.146215
1.384000,-2.427410
1.386000,-0.220466
1.388000,-1.598708
1.390000,-1.991612
1.392000,-1.098995
1.394000,-3.145590
1.396000,-3.200137
1.398000,-4.307649
1.400000,-1.690703
1.402000,0.769338
1.404000,-0.364877
1.406000,-0.747424
1.408000,-2.443508
1.410000,-2.255320
1.412000,-1.969271
1.414000,-3.346131
1.416000,-1.385815
1.418000,-2.344660
1.420000,-1.827009
1.422000,-1.618454
1.424000,-2.577185
1.426000,0.677545
1.428000,-0.324697
1.430000,-1.761793
1.432000,-2.150158
1.434000,-3.689362
1.436000,-2.097369
1.438000,-2.121292
1.440000,-0.931087
1.442000,0.189272
1.444000,-0.574390
1.446000,-1.031506
1.448000,-2.406651
1.450000,-1.472797
1.452000,-0.417923
1.454000,-1.703762
1.456000,-0.899763
1.458000,-2.820600
1.460000,-0.898392
1.462000,-0.258203
1.464000,-0.487435
1.466000,1.616329
1.468000,0.287814
1.470000,-0.732490
1.472000,-2.249310
1.474000,-3.450642
1.476000,-0.568385
1.478000,-0.573865
1.480000,-0.796769
1.482000,-0.062299
1.484000,-0.629787
1.486000,1.072372
1.488000,0.221724
1.490000,-0.056905
1.492000,0.494055
1.494000,-1.570980
1.496000,-0.906340
1.498000,-1.871759
1.500000,0.305317
1.502000,2.412255
1.504000,1.258735
1.506000,1.390606
1.508000,-0.729726
1.510000,0.145733
1.512000,0.387608
1.514000,-1.297427
1.516000,0.931273
1.518000,0.449168
1.520000,0.258396
1.522000,0.660111
1.524000,0.326371
1.526000,2.889047
1.528000,2.542524
1.530000,0.620177
1.532000,0.255201
1.534000,-1.715832
1.536000,0.716040
1.538000,-0.251106
1.540000,1.225043
1.542000,2.575564
1.544000,1.971306
1.546000,1.400705
1.548000,0.617121
1.550000,1.408523
1.552000,1.951849
1.554000,-0.151310
1.556000,0.516931
1.558000,-1.057568
1.560000,1.180215
1.562000,2.295044
1.564000,1.696026
1.566000,3.721420
1.568000,2.444718
1.570000,1.507761
1.572000,0.195265
1.574000,-0.874446
1.576000,2.394642
1.578000,1.678459
1.580000,2.346731
1.582000,2.389391
1.584000,1.222817
1.586000,3.068604
1.588000,2.090987
1.590000,2.643498
1.592000,1.772093
1.594000,0.603282
1.596000,0.234032
1.598000,-0.236823
1.600000,2.666599
1.602000,4.584917
1.604000,2.922857
1.606000,3.362895
1.608000,0.865358
1.610000,1.434260
1.612000,1.628614
1.614000,0.660561
1.616000,1.948944
1.618000,1.706639
1.620000,2.281726
1.622000,2.205601
1.624000,1.304645
1.626000,3.857961
1.628000,3.518092
1.630000,2.338262
1.632000,1.380072
1.634000,-0.012787
1.636000,1.737687
1.638000,1.293043
1.640000,2.217666
1.642000,3.310090
1.644000,2.531089
1.646000,3.003897
1.648000,1.172811
1.650000,2.167397
1.652000,2.885280
1.654000,1.321122
1.656000,1.826310
1.658000,0.331528
1.660000,1.544838
1.662000,2.844730
1.664000,2.570359
1.666000,4.114513
1.668000,2.497379
1.670000,1.558857
1.672000,0.131655
1.674000,-0.872681
1.676000,1.787804
1.678000,1.576405
1.680000,1.630911
1.682000,1.607766
1.684000,0.767608
1.686000,2.897965
1.688000,1.724650
1.690000,1.513322
1.692000,2.119994
1.694000,0.355472
1.696000,-0.121811
1.698000,-1.180405
1.700000,1.367995
1.702000,3.178003
1.704000,2.572047
1.706000,2.190987
1.708000,0.639166
1.710000,0.562945
1.712000,0.586964
1.714000,-1.277729
1.716000,1.349484
1.718000,0.562228
1.720000,0.429335
1.722000,0.251513
1.724000,0.053198
1.726000,3.251925
1.728000,2.211899
1.730000,0.482983
1.732000,-0.364423
1.734000,-1.568731
1.736000,0.563442
1.738000,-0.700215
1.740000,0.161483
1.742000,1.531407
1.744000,0.234497
1.746000,0.883335
1.748000,-0.876832
1.750000,0.158758
1.752000,0.807193
1.754000,-0.785849
1.756000,-0.826290
1.758000,-1.823540
1.760000,-0.378214
1.762000,0.933445
1.764000,-0.406392
1.766000,1.919053
1.768000,0.330554
1.770000,-0.369789
1.772000,-1.837020
1.774000,-2.650138
1.776000,-0.054157
1.778000,-0.382814
1.780000,0.090629
1.782000,-0.835091
1.784000,-0.955027
1.786000,0.722923
1.788000,-0.754017
1.790000,-1.009762
1.792000,-0.534998
1.794000,-2.579494
1.796000,-2.375067
1.798000,-3.636138
1.800000,-1.181592
1.802000,1.301228
1.804000,-0.488833
1.806000,0.072272
1.808000,-1.967348
1.810000,-1.785556
1.812000,-1.603694
1.814000,-2.730166
1.816000,-1.159084
1.818000,-1.332213
1.820000,-1.361477
1.822000,-2.181011
1.824000,-2.175960
1.826000,0.500925
1.828000,-0.491329
1.830000,-1.420164
1.832000,-2.361594
1.834000,-3.346811
1.836000,-1.767298
1.838000,-2.852421
1.840000,-1.544621
1.842000,0.077549
1.844000,-1.754054
1.846000,-1.096962
1.848000,-3.254117
1.850000,-1.530765
1.852000,-0.929617
1.854000,-2.800151
1.856000,-2.624291
1.858000,-4.417499
1.860000,-2.052673
1.862000,-0.674129
1.864000,-1.465795
1.866000,0.369593
1.868000,-1.249591
1.870000,-2.295542
1.872000,-3.812024
1.874000,-4.440546
1.876000,-1.707391
1.878000,-1.798501
1.880000,-2.005848
1.882000,-1.102643
1.884000,-2.453746
1.886000,-0.417425
1.888000,-2.364776
1.890000,-1.963493
1.892000,-1.226256
1.894000,-3.020331
1.896000,-3.222999
1.898000,-4.061861
1.900000,-1.715040
1.902000,1.268493
1.904000,-1.228118
1.906000,-1.014926
1.908000,-1.798249
1.910000,-2.269585
1.912000,-2.473411
1.914000,-3.230015
1.916000,-1.402857
1.918000,-2.076663
1.920000,-1.469096
1.922000,-1.908838
1.924000,-2.253750
1.926000,0.542870
1.928000,-0.449525
1.930000,-1.680151
1.932000,-2.357841
1.934000,-3.769619
1.936000,-1.560647
1.938000,-2.777705
1.940000,-1.163775
1.942000,0.317475
1.944000,-1.058873
1.946000,-0.859159
1.948000,-2.448802
1.950000,-1.181531
1.952000,0.171104
1.954000,-2.588959
1.956000,-1.632123
1.958000,-2.972497
1.960000,-1.099964
1.962000,0.342225
1.964000,-0.178508
1.966000,0.808186
1.968000,0.164032
1.970000,-1.119925
1.972000,-1.796937
1.974000,-3.470748
1.976000,-0.192895
1.978000,0.076206
1.980000,-0.646939
1.982000,0.187087
1.984000,-0.875336
1.986000,1.424917
1.988000,-0.477363
1.990000,0.456604
1.992000,0.629654
1.994000,-1.311925
1.996000,-1.125991
1.998000,-2.231559
2.000000,0.123254
2.002000,2.364783
2.004000,0.774790
2.006000,1.502711
2.008000,-0.760604
2.010000,0.449074
2.012000,0.183832
2.014000,-0.815923
2.016000,1.064253
2.018000,0.349722
2.020000,0.190866
2.022000,0.075525
2.024000,0.384943
2.026000,2.708636
2.028000,2.274321
2.030000,1.096316
2.032000,0.520870
2.034000,-1.249207
2.036000,0.504034
2.038000,-0.054445
2.040000,1.267845
2.042000,2.995809
2.044000,1.535956
2.046000,2.006263
2.048000,0.251856
2.050000,1.067164
2.052000,2.243780
2.054000,0.113395
2.056000,-0.044692
2.058000,-0.257571
2.060000,0.824434
2.062000,2.606927
2.064000,1.565563
2.066000,3.213549
2.068000,1.919005
2.070000,1.267913
2.072000,0.460570
2.074000,-0.457906
2.076000,2.513765
2.078000,2.131645
2.080000,1.927932
2.082000,2.398648
2.084000,1.047181
2.086000,2.845352
2.088000,1.868729
2.090000,1.814156
2.092000,2.327703
2.094000,0.639930
2.096000,1.147064
2.098000,-0.324266
2.100000,1.769208
2.102000,4.093277
2.104000,3.238230
2.106000,3.416162
2.108000,0.889238
2.110000,1.559132
2.112000,1.726263
2.114000,0.210458
2.116000,2.759159
2.118000,1.862860
2.120000,2.239848
2.122000,2.129248
2.124000,1.626984
2.126000,4.354861
2.128000,3.428541
2.130000,2.186972
2.132000,0.962477
2.134000,-0.792036
2.136000,1.535626
2.138000,0.957933
2.140000,2.302705
2.142000,3.666617
2.144000,3.074819
2.146000,3.103360
2.148000,1.012684
2.150000,2.552409
2.152000,2.751668
2.154000,1.134891
2.156000,1.781998
2.158000,-0.150122
2.160000,1.586937
2.162000,2.363307
2.164000,1.502521
2.166000,3.899772
2.168000,1.968230
2.170000,1.589646
2.172000,0.425879
2.174000,-0.740214
2.176000,2.471308
2.178000,1.666020
2.180000,1.933643
2.182000,1.876369
2.184000,1.126985
2.186000,3.260212
2.188000,1.826186
2.190000,1.071952
2.192000,1.844699
2.194000,0.064150
2.196000,0.558182
2.198000,-1.420036
2.200000,1.599141
2.202000,2.479285
2.204000,2.017230
2.206000,2.206583
2.208000,-0.191357
2.210000,0.340806
2.212000,0.436249
2.214000,-1.460503
2.216000,0.902153
2.218000,0.232501
2.220000,0.528952
2.222000,0.510948
2.224000,0.514580
2.226000,2.505189
2.228000,1.670243
2.230000,0.780333
2.232000,-0.551330
2.234000,-1.830306
2.236000,-0.173505
2.238000,-0.760568
2.240000,0.241807
2.242000,1.931967
2.244000,0.922829
2.246000,0.848158
2.248000,-1.101503
2.250000,0.081716
2.252000,0.802132
2.254000,-1.216854
2.256000,-1.270644
2.258000,-2.008263
2.260000,-0.345055
2.262000,0.822697
2.264000,0.041419
2.266000,1.776051
2.268000,0.537573
2.270000,-0.700710
2.272000,-1.752410
2.274000,-3.034341
2.276000,-0.381351
2.278000,-0.593008
2.280000,-0.343834
2.282000,-0.605556
2.284000,-0.989235
2.286000,0.483599
2.288000,-0.944390
2.290000,-0.658244
2.292000,-0.041681
2.294000,-2.524785
2.296000,-2.096562
2.298000,-3.537926
2.300000,-1.475770
2.302000,1.545654
2.304000,-0.266634
2.306000,0.251478
2.308000,-1.768210
2.310000,-1.779554
2.312000,-1.628260
2.314000,-2.759272
2.316000,-1.285759
2.318000,-2.133182
2.320000,-1.810720
2.322000,-1.516828
2.324000,-2.514753
2.326000,1.041176
2.328000,-1.056024
2.330000,-1.304165
2.332000,-2.702747
2.334000,-4.130386
2.336000,-2.049858
2.338000,-3.026544
2.340000,-0.847467
2.342000,-0.141950
2.344000,-1.299017
2.346000,-1.202070
2.348000,-2.802601
2.350000,-1.715409
2.352000,-0.372011
2.354000,-2.917405
2.356000,-2.439055
2.358000,-4.001433
2.360000,-2.408995
2.362000,-1.629219
2.364000,-1.775860
2.366000,0.093051
2.368000,-0.730888
2.370000,-2.538953
2.372000,-3.281435
2.374000,-4.265732
2.376000,-1.062170
2.378000,-1.575040
2.380000,-1.853451
2.382000,-2.296849
2.384000,-2.694562
2.386000,-0.612570
2.388000,-1.953202
2.390000,-1.375834
2.392000,-1.721205
2.394000,-3.143269
2.396000,-3.620323
2.398000,-4.120676
2.400000,-1.638557
2.402000,0.913654
2.404000,-0.791727
2.406000,-0.282428
2.408000,-1.880445
2.410000,-1.903542
2.412000,-1.964769
2.414000,-3.236432
2.416000,-1.302360
2.418000,-1.685863
2.420000,-2.195765
2.422000,-1.689924
2.424000,-2.071263
2.426000,0.496377
2.428000,0.460803
2.430000,-1.944441
2.432000,-2.610476
2.434000,-3.643848
2.436000,-1.306943
2.438000,-2.439698
2.440000,-1.155624
2.442000,0.815925
2.444000,-0.779205
2.446000,-0.681598
2.448000,-2.260418
2.450000,-1.194636
2.452000,-0.183907
2.454000,-1.823771
2.456000,-1.362427
2.458000,-2.649176
2.460000,-1.585987
2.462000,0.116590
2.464000,-0.379504
2.466000,2.020884
2.468000,0.215191
2.470000,-1.122857
2.472000,-2.153398
2.474000,-2.673790
2.476000,0.235954
2.478000,-0.262826
2.480000,0.113928
2.482000,0.016905
2.484000,0.058850
2.486000,1.394237
2.488000,-0.364303
2.490000,0.073382
2.492000,0.000495
2.494000,-1.278749
2.496000,-1.095425
2.498000,-2.236472
2.500000,0.663445
2.502000,2.587883
2.504000,1.109348
2.506000,1.676324
2.508000,0.079560
2.510000,-0.640400
2.512000,0.452509
2.514000,-1.190485
2.516000,0.679762
2.518000,0.131543
2.520000,0.418349
2.522000,0.510851
2.524000,0.659151
2.526000,3.271935
2.528000,1.937839
2.530000,0.932422
2.532000,-0.183901
2.534000,-1.408099
2.536000,0.785804
2.538000,-0.092878
2.540000,1.016377
2.542000,3.304738
2.544000,1.355661
2.546000,2.287149
2.548000,0.189130
2.550000,1.531131
2.552000,2.426211
2.554000,0.176585
2.556000,0.886447
2.558000,-0.065536
2.560000,0.771020
2.562000,1.920278
2.564000,1.559881
2.566000,4.024152
2.568000,2.308896
2.570000,1.080130
2.572000,0.159892
2.574000,-0.743098
2.576000,2.564469
2.578000,1.758729
2.580000,2.252228
2.582000,2.165857
2.584000,1.240132
2.586000,3.157707
2.588000,1.964717
2.590000,2.732795
2.592000,2.467928
2.594000,0.022404
2.596000,0.616302
2.598000,-0.087853
2.600000,1.698949
2.602000,4.310141
2.604000,2.739527
2.606000,2.878649
2.608000,1.335767
2.610000,1.784890
2.612000,1.843211
2.614000,0.578919
2.616000,2.441837
2.618000,1.547102
2.620000,1.633368
2.622000,1.738093
2.624000,1.573033
2.626000,4.553089
2.628000,3.279901
2.630000,2.109360
2.632000,1.064395
2.634000,-0.055451
2.636000,2.437423
2.638000,0.555157
2.640000,2.171613
2.642000,3.783919
2.644000,2.490415
2.646000,2.779609
2.648000,1.269195
2.650000,2.068992
2.652000,3.103357
2.654000,1.027456
2.656000,1.015266
2.658000,0.346869
2.660000,1.354264
2.662000,2.735583
2.664000,2.537873
2.666000,3.975491
2.668000,2.613121
2.670000,1.706867
2.672000,0.218256
2.674000,-0.811206
2.676000,1.900206
2.678000,1.393891
2.680000,1.443029
2.682000,1.477408
2.684000,1.455344
2.686000,2.354468
2.688000,1.645084
2.690000,1.571547
2.692000,1.778094
2.694000,0.211609
2.696000,0.116751
2.698000,-1.860816
2.700000,1.338669
2.702000,3.595447
2.704000,1.637483
2.706000,2.276427
2.708000,0.463292
2.710000,0.803848
2.712000,0.927092
2.714000,-0.893664
2.716000,1.135003
2.718000,0.811127
2.720000,0.279239
2.722000,0.105509
2.724000,0.147810
2.726000,3.426924
2.728000,1.759875
2.730000,0.436822
2.732000,-0.218299
2.734000,-1.494966
2.736000,0.078960
2.738000,-1.036068
2.740000,0.227489
2.742000,2.092695
2.744000,0.856027
2.746000,0.741826
2.748000,-1.320837
2.750000,-0.183335
2.752000,1.278824
2.754000,-0.879594
2.756000,-0.450196
2.758000,-2.134109
2.760000,-1.092734
2.762000,0.376899
2.764000,-0.365264
2.766000,2.037085
2.768000,0.494214
2.770000,-0.650151
2.772000,-1.996857
2.774000,-3.264945
2.776000,-0.251544
2.778000,-0.680173
2.780000,-0.307941
2.782000,-0.259332
2.784000,-1.227096
2.786000,0.652861
2.788000,-0.888128
2.790000,-0.644092
2.792000,-0.706122
2.794000,-2.725588
2.796000,-2.174340
2.798000,-3.254238
2.800000,-0.911984
2.802000,1.380246
2.804000,0.022800
2.806000,-0.155048
2.808000,-2.072888
2.810000,-1.687532
2.812000,-1.237902
2.814000,-3.104820
2.816000,-0.981116
2.818000,-1.956640
2.820000,-1.945897
2.822000,-2.397150
2.824000,-1.228175
2.826000,0.973671
2.828000,0.165641
2.830000,-1.737640
2.832000,-2.619590
2.834000,-3.489202
2.836000,-1.816330
2.838000,-3.063929
2.840000,-1.677741
2.842000,0.144345
2.844000,-1.906537
2.846000,-0.418852
2.848000,-3.420159
2.850000,-2.042629
2.852000,-0.646191
2.854000,-3.011358
2.856000,-2.616522
2.858000,-3.721382
2.860000,-2.147910
2.862000,-0.793192
2.864000,-1.789006
2.866000,0.547474
2.868000,-0.835879
2.870000,-1.994114
2.872000,-3.309762
2.874000,-4.672869
2.876000,-1.638807
2.878000,-1.887677
2.880000,-1.524491
2.882000,-1.661934
2.884000,-1.672287
2.886000,-0.678727
2.888000,-1.865272
2.890000,-1.969390
2.892000,-1.481033
2.894000,-3.202667
2.896000,-2.393104
2.898000,-4.377149
2.900000,-1.795573
2.902000,0.301196
2.904000,-1.418819
2.906000,-0.455222
2.908000,-2.745888
2.910000,-2.452090
2.912000,-1.902439
2.914000,-3.280805
2.916000,-1.556483
2.918000,-2.047032
2.920000,-1.975537
2.922000,-1.669016
2.924000,-1.986438
2.926000,0.299387
2.928000,-0.888109
2.930000,-1.125316
2.932000,-2.083872
2.934000,-3.211161
2.936000,-1.314693
2.938000,-2.289438
2.940000,-1.425155
2.942000,0.584430
2.944000,-0.681347
2.946000,-0.427914
2.948000,-2.053339
2.950000,-1.176212
2.952000,0.131128
2.954000,-2.467635
2.956000,-1.861405
2.958000,-3.177874
2.960000,-1.014552
2.962000,0.601824
2.964000,-0.417533
2.966000,1.172956
2.968000,0.187515
2.970000,-0.500679
2.972000,-2.025507
2.974000,-3.264230
2.976000,0.067774
2.978000,-0.923195
2.980000,0.143867
2.982000,0.174834
2.984000,-1.090649
2.986000,1.004726
2.988000,-0.032066
2.990000,0.644547
2.992000,0.365248
2.994000,-2.287554
2.996000,-1.151197
2.998000,-2.179582
3.000000,0.236943
3.002000,1.868078
3.004000,0.936945
3.006000,1.505652
3.008000,-0.221725
3.010000,-0.322832
3.012000,0.141512
3.014000,-1.369038
3.016000,1.330665
3.018000,0.366237
3.020000,0.104644
3.022000,0.120946
3.024000,0.184994
3.026000,3.037636
3.028000,2.111053
3.030000,1.387781
3.032000,-0.812079
3.034000,-1.211428
3.036000,0.872036
3.038000,0.199162
3.040000,0.830901
3.042000,2.714227
3.044000,1.752534
3.046000,1.713056
3.048000,-0.438527
3.050000,1.208553
3.052000,2.360953
3.054000,0.463557
3.056000,0.332665
3.058000,-0.642294
3.060000,0.337110
3.062000,2.549422
3.064000,1.880883
3.066000,4.044332
3.068000,2.323013
3.070000,0.767099
3.072000,0.171381
3.074000,-0.995895
3.076000,2.315144
3.078000,1.738184
3.080000,1.543651
3.082000,2.142674
3.084000,1.991883
3.086000,3.876373
3.088000,1.953957
3.090000,1.555465
3.092000,2.762797
3.094000,0.686843
3.096000,1.517826
3.098000,-0.453259
3.100000,1.530826
3.102000,3.914336
3.104000,2.649069
3.106000,3.499842
3.108000,1.136492
3.110000,1.769608
3.112000,2.148053
3.114000,0.524557
3.116000,2.594307
3.118000,2.033835
3.120000,1.567613
3.122000,1.897692
3.124000,1.640664
3.126000,4.386966
3.128000,2.905326
3.130000,2.229759
3.132000,0.725017
3.134000,-0.169682
3.136000,1.827734
3.138000,0.504504
3.140000,2.363735
3.142000,3.360864
3.144000,2.520340
3.146000,3.056710
3.148000,0.866822
3.150000,2.176204
3.152000,2.301312
3.154000,1.684251
3.156000,0.748494
3.158000,-0.436187
3.160000,1.342854
3.162000,2.562585
3.164000,1.838105
3.166000,4.395087
3.168000,2.701526
3.170000,1.832697
3.172000,0.536678
3.174000,-0.521653
3.176000,2.121740
3.178000,1.456772
3.180000,1.953669
3.182000,2.065231
3.184000,0.814403
3.186000,3.608119
3.188000,1.765814
3.190000,1.737839
3.192000,1.784604
3.194000,0.373490
3.196000,0.281041
3.198000,-1.194398
3.200000,1.323118
3.202000,3.483650
3.204000,2.407208
3.206000,2.630244
3.208000,0.677999
3.210000,0.823228
3.212000,0.316325
3.214000,-0.322551
3.216000,1.272426
3.218000,0.214108
3.220000,0.981449
3.222000,0.606563
3.224000,0.734112
3.226000,2.727393
3.228000,1.845413
3.230000,0.471012
3.232000,-0.327424
3.234000,-2.451830
3.236000,-0.361354
3.238000,-0.614287
3.240000,0.970323
3.242000,2.408208
3.244000,1.211414
3.246000,1.248608
3.248000,-0.997794
3.250000,0.798294
3.252000,0.730604
3.254000,-0.642650
3.256000,-0.487697
3.258000,-2.591713
3.260000,0.117323
3.262000,0.466758
3.264000,0.172306
3.266000,2.042192
3.268000,0.596033
3.270000,-0.249954
3.272000,-1.435373
3.274000,-2.876361
3.276000,-0.375857
3.278000,-0.672213
3.280000,-0.897999
3.282000,-0.234887
3.284000,-1.504998
3.286000,0.736459
3.288000,-1.411080
3.290000,-0.819345
3.292000,-0.071684
3.294000,-2.181720
3.296000,-2.759125
3.298000,-3.351237
3.300000,-1.161086
3.302000,0.798251
3.304000,-0.873690
3.306000,-0.166595
3.308000,-1.614601
3.310000,-1.602617
3.312000,-1.344262
3.314000,-3.137349
3.316000,-1.400977
3.318000,-1.532896
3.320000,-2.204273
3.322000,-2.011906
3.324000,-1.541169
3.326000,0.886357
3.328000,-0.147626
3.330000,-1.664958
3.332000,-2.133785
3.334000,-3.694132
3.336000,-1.828361
3.338000,-2.799106
3.340000,-0.994775
3.342000,-0.127020
3.344000,-1.329969
3.346000,-0.307456
3.348000,-3.439708
3.350000,-1.847356
3.352000,-0.632500
3.354000,-2.744425
3.356000,-2.822120
3.358000,-3.345536
3.360000,-2.316077
3.362000,-0.973042
3.364000,-1.679693
3.366000,0.128172
3.368000,-0.929988
3.370000,-2.347273
3.372000,-3.186004
3.374000,-4.481322
3.376000,-1.233196
3.378000,-1.787998
3.380000,-2.005226
3.382000,-1.531595
3.384000,-2.807472
3.386000,-0.798305
3.388000,-2.072643
3.390000,-1.688916
3.392000,-1.652447
3.394000,-3.211695
3.396000,-2.228521
3.398000,-3.967998
3.400000,-1.539956
3.402000,0.647728
3.404000,-0.803851
3.406000,-0.047681
3.408000,-2.739378
3.410000,-2.244659
3.412000,-2.110850
3.414000,-3.186741
3.416000,-1.378992
3.418000,-2.285273
3.420000,-1.548851
3.422000,-1.607906
3.424000,-2.061611
3.426000,0.905722
3.428000,-0.371788
3.430000,-0.802315
3.432000,-2.137860
3.434000,-3.671768
3.436000,-1.677669
3.438000,-2.695299
3.440000,-0.770380
3.442000,0.749854
3.444000,-0.638269
3.446000,-0.309638
3.448000,-2.162508
3.450000,-1.299267
3.452000,-0.298613
3.454000,-2.392345
3.456000,-2.106987
3.458000,-2.234704
3.460000,-1.656855
3.462000,0.092401
3.464000,-0.335093
3.466000,1.394574
3.468000,-0.027211
3.470000,-0.863976
3.472000,-2.160329
3.474000,-2.593613
3.476000,-0.420270
3.478000,-0.479854
3.480000,-0.402789
3.482000,-0.132655
3.484000,-0.553701
3.486000,1.149627
3.488000,-0.477855
3.490000,0.066484
3.492000,0.629202
3.494000,-1.696466
3.496000,-1.090993
3.498000,-2.241904
3.500000,0.097998
3.502000,2.132437
3.504000,1.323180
3.506000,1.231366
3.508000,0.060682
3.510000,0.137960
3.512000,0.220066
3.514000,-1.295383
3.516000,0.826326
3.518000,0.603618
3.520000,0.261353
3.522000,0.295089
3.524000,0.043614
3.526000,3.367495
3.528000,1.730707
3.530000,0.794719
3.532000,-0.085211
3.534000,-1.852347
3.536000,1.016750
3.538000,0.043080
3.540000,1.628715
3.542000,2.830125
3.544000,1.552043
3.546000,2.024545
3.548000,-0.136636
3.550000,1.202774
3.552000,2.516864
3.554000,0.166007
3.556000,0.440307
3.558000,-0.897896
3.560000,1.083884
3.562000,2.052615
3.564000,1.862975
3.566000,3.772176
3.568000,2.089897
3.570000,1.186587
3.572000,0.382947
3.574000,-0.942147
3.576000,1.654749
3.578000,1.700271
3.580000,1.993605
3.582000,2.062812
3.584000,0.846670
3.586000,3.011216
3.588000,1.589118
3.590000,2.120819
3.592000,2.737164
3.594000,0.195733
3.596000,0.969992
3.598000,-0.133352
3.600000,2.484135
3.602000,3.974549
3.604000,2.552417
3.606000,3.207267
3.608000,0.376745
3.610000,1.324520
3.612000,1.879583
3.614000,0.121940
3.616000,2.909851
3.618000,1.099678
3.620000,2.103127
3.622000,2.406018
3.624000,1.063322
3.626000,4.584648
3.628000,3.361097
3.630000,1.810857
3.632000,0.767094
3.634000,0.051811
3.636000,1.479265
3.638000,0.756463
3.640000,2.099408
3.642000,4.189068
3.644000,2.758124
3.646000,2.863405
3.648000,0.763849
3.650000,1.536768
3.652000,3.486714
3.654000,0.781158
3.656000,1.450836
3.658000,-0.070767
3.660000,1.534639
3.662000,2.760658
3.664000,2.171097
3.666000,3.707955
3.668000,2.624470
3.670000,1.806959
3.672000,-0.423654
3.674000,-0.706582
3.676000,1.752200
3.678000,1.652927
3.680000,1.048213
3.682000,1.972774
3.684000,1.155577
3.686000,3.094882
3.688000,2.035942
3.690000,1.694594
3.692000,1.906581
3.694000,-0.008496
3.696000,-0.068331
3.698000,-1.045482
3.700000,1.187074
3.702000,3.176888
3.704000,2.024381
3.706000,1.748298
3.708000,0.050700
3.710000,0.632017
3.712000,1.768685
3.714000,-1.198275
3.716000,1.271615
3.718000,0.670987
3.720000,0.616501
3.722000,0.880530
3.724000,-0.130419
3.726000,3.841636
3.728000,1.458116
3.730000,0.470305
3.732000,-0.531365
3.734000,-1.593465
3.736000,-0.163366
3.738000,-0.679596
3.740000,0.226211
3.742000,1.621878
3.744000,0.413188
3.746000,0.865720
3.748000,-0.488072
3.750000,-0.292898
3.752000,0.795313
3.754000,-0.525240
3.756000,-0.491313
3.758000,-1.463818
3.760000,-0.340078
3.762000,0.883319
3.764000,-0.245528
3.766000,2.251743
3.768000,-0.000033
3.770000,-0.558647
3.772000,-2.316533
3.774000,-2.804242
3.776000,-0.223472
3.778000,-0.676597
3.780000,0.007885
3.782000,-0.425539
3.784000,-1.068098
3.786000,1.122837
3.788000,-0.913949
3.790000,-0.549437
3.792000,-0.559316
3.794000,-2.925962
3.796000,-1.446744
3.798000,-3.263108
3.800000,-1.285578
3.802000,1.410073
3.804000,-0.484436
3.806000,-0.116547
3.808000,-2.110824
3.810000,-1.587198
3.812000,-1.571084
3.814000,-2.834541
3.816000,-1.077086
3.818000,-1.511962
3.820000,-1.777682
3.822000,-2.298037
3.824000,-2.124777
3.826000,0.608166
3.828000,-0.252561
3.830000,-1.700488
3.832000,-2.555972
3.834000,-3.623282
3.836000,-1.675801
3.838000,-3.061019
3.840000,-2.009948
3.842000,-0.164024
3.844000,-1.170557
3.846000,-1.060550
3.848000,-2.877086
3.850000,-2.044368
3.852000,-0.713878
3.854000,-3.079644
3.856000,-1.981539
3.858000,-3.546860
3.860000,-2.381752
3.862000,-0.768381
3.864000,-1.415321
3.866000,-0.027150
3.868000,-0.754461
3.870000,-1.984597
3.872000,-3.147649
3.874000,-4.807061
3.876000,-2.238432
3.878000,-2.197981
3.880000,-1.766413
3.882000,-1.692137
3.884000,-2.489831
3.886000,-0.670911
3.888000,-1.545142
3.890000,-1.462181
3.892000,-1.760902
3.894000,-2.780638
3.896000,-2.742195
3.898000,-3.867975
3.900000,-1.653245
3.902000,0.142893
3.904000,-0.499952
3.906000,-0.542866
3.908000,-2.626227
3.910000,-1.936537
3.912000,-2.330883
3.914000,-3.163147
3.916000,-0.951923
3.918000,-2.190535
3.920000,-1.996135
3.922000,-1.920358
3.924000,-1.948940
3.926000,1.123073
3.928000,-0.326193
3.930000,-1.148278
3.932000,-2.484743
3.934000,-3.685199
3.936000,-1.865295
3.938000,-2.195428
3.940000,-0.999245
3.942000,0.739052
3.944000,-0.633520
3.946000,-0.174947
3.948000,-2.083214
3.950000,-1.359285
3.952000,-0.884434
3.954000,-1.836063
3.956000,-1.366632
3.958000,-2.743406
3.960000,-1.086512
3.962000,-0.082723
3.964000,-0.565103
3.966000,1.289977
3.968000,-0.081030
3.970000,-1.466743
3.972000,-1.733597
3.974000,-3.156395
3.976000,0.342009
3.978000,-0.529510
3.980000,-0.230906
3.982000,-0.140991
3.984000,-0.637547
3.986000,0.992522
3.988000,0.269397
3.990000,0.618674
3.992000,0.226440
3.994000,-1.413896
3.996000,-0.933287
3.998000,-2.481199
4.000000,-0.265248
4.002000,1.757404
4.004000,1.198716
4.006000,1.652613
4.008000,-0.778575
4.010000,-0.058325
4.012000,0.119207
4.014000,-1.112693
4.016000,0.429118
4.018000,0.616997
4.020000,-0.071971
4.022000,0.087176
4.024000,-0.143714
4.026000,2.679052
4.028000,2.424701
4.030000,0.721007
4.032000,0.457261
4.034000,-1.191084
4.036000,0.562423
4.038000,-0.038333
4.040000,1.666656
4.042000,3.414193
4.044000,1.618610
4.046000,1.766167
4.048000,-0.379377
4.050000,1.007374
4.052000,2.478460
4.054000,0.292299
4.056000,0.726635
4.058000,-0.689732
4.060000,0.984122
4.062000,2.696574
4.064000,1.441310
4.066000,4.261712
4.068000,1.646332
4.070000,1.176990
4.072000,0.178579
4.074000,-0.370455
4.076000,1.975250
4.078000,1.284082
4.080000,2.173484
4.082000,1.949647
4.084000,2.088850
4.086000,3.534078
4.088000,1.915115
4.090000,2.419098
4.092000,2.771304
4.094000,0.449212
4.096000,1.040780
4.098000,-0.597393
4.100000,2.433303
4.102000,4.399366
4.104000,3.139446
4.106000,3.015571
4.108000,1.923976
4.110000,1.906119
4.112000,2.415790
4.114000,0.543009
4.116000,2.533123
4.118000,1.272661
4.120000,1.922603
4.122000,1.624727
4.124000,1.383920
4.126000,4.131275
4.128000,3.743349
4.130000,2.260309
4.132000,0.969367
4.134000,-0.165518
4.136000,2.072091
4.138000,0.563754
4.140000,2.048312
4.142000,3.543766
4.144000,2.123467
4.146000,3.084075
4.148000,0.961626
4.150000,2.221082
4.152000,3.322923
4.154000,1.129424
4.156000,1.904156
4.158000,0.088829
4.160000,1.069328
4.162000,2.540987
4.164000,1.891113
4.166000,3.830987
4.168000,2.331766
4.170000,1.843456
4.172000,0.615624
4.174000,-0.767948
4.176000,2.115646
4.178000,1.492517
4.180000,1.452860
4.182000,1.999904
4.184000,1.992581
4.186000,3.175603
4.188000,1.596189
4.190000,1.761739
4.192000,1.805676
4.194000,0.375547
4.196000,-0.158226
4.198000,-0.805533
4.200000,0.757159
4.202000,3.258839
4.204000,2.760298
4.206000,2.369310
4.208000,0.564863
4.210000,0.876777
4.212000,0.812602
4.214000,-0.878158
4.216000,0.992045
4.218000,0.494505
4.220000,0.811340
4.222000,0.509270
4.224000,0.330657
4.226000,3.077797
4.228000,1.941570
4.230000,0.422212
4.232000,-0.313303
4.234000,-2.123392
4.236000,0.117393
4.238000,-0.117094
4.240000,0.532888
4.242000,2.612724
4.244000,0.721273
4.246000,1.425535
4.248000,-1.201605
4.250000,-0.318114
4.252000,1.216771
4.254000,-1.115626
4.256000,-0.832434
4.258000,-1.392475
4.260000,-0.470070
4.262000,0.829471
4.264000,-0.434934
4.266000,1.688443
4.268000,0.895161
4.270000,-0.706102
4.272000,-1.968101
4.274000,-3.071072
4.276000,-0.139716
4.278000,-0.326411
4.280000,-0.347502
4.282000,-0.186916
4.284000,-1.009297
4.286000,0.424404
4.288000,-0.703488
4.290000,-1.207633
4.292000,-0.040301
4.294000,-1.974908
4.296000,-1.519379
4.298000,-2.971261
4.300000,-0.877182
4.302000,0.937210
4.304000,-0.122513
4.306000,0.110923
4.308000,-2.010425
4.310000,-2.048236
4.312000,-0.978013
4.314000,-2.501293
4.316000,-1.151833
4.318000,-2.501728
4.320000,-1.937507
4.322000,-1.443056
4.324000,-2.439851
4.326000,0.760595
4.328000,-0.810169
4.330000,-1.622539
4.332000,-2.606867
4.334000,-4.247152
4.336000,-1.774261
4.338000,-2.912857
4.340000,-1.687971
4.342000,-0.415048
4.344000,-1.434832
4.346000,-1.435302
4.348000,-2.502510
4.350000,-1.701109
4.352000,-0.612995
4.354000,-3.014875
4.356000,-2.575449
4.358000,-4.073546
4.360000,-2.375186
4.362000,-1.140989
4.364000,-1.485447
4.366000,0.027915
4.368000,-0.873564
4.370000,-2.376514
4.372000,-3.458787
4.374000,-4.332980
4.376000,-1.182920
4.378000,-2.065139
4.380000,-1.834256
4.382000,-1.955145
4.384000,-1.766963
4.386000,-0.188595
4.388000,-1.839736
4.390000,-1.645647
4.392000,-0.718879
4.394000,-2.746959
4.396000,-2.858993
4.398000,-4.691989
4.400000,-1.951832
4.402000,0.570077
4.404000,-0.801784
4.406000,-0.776732
4.408000,-1.675923
4.410000,-2.263801
4.412000,-2.070989
4.414000,-3.341970
4.416000,-1.740139
4.418000,-1.680973
4.420000,-1.321947
4.422000,-1.809142
4.424000,-1.856553
4.426000,0.350477
4.428000,0.182914
4.430000,-1.501100
4.432000,-2.923922
4.434000,-3.361145
4.436000,-1.255088
4.438000,-2.212269
4.440000,-1.034496
4.442000,0.292336
4.444000,-0.510937
4.446000,-0.310107
4.448000,-1.821273
4.450000,-1.118893
4.452000,-0.140559
4.454000,-1.199530
4.456000,-1.608286
4.458000,-2.676768
4.460000,-1.199948
4.462000,-0.656258
4.464000,-0.736362
4.466000,1.502751
4.468000,0.057291
4.470000,-0.424922
4.472000,-2.068579
4.474000,-2.568777
4.476000,0.101906
4.478000,-0.674429
4.480000,-0.542722
4.482000,0.151615
4.484000,-0.115958
4.486000,1.010157
4.488000,0.109675
4.490000,0.105556
4.492000,0.279759
4.494000,-1.484889
4.496000,-1.015540
4.498000,-2.462826
4.500000,-0.020994
4.502000,3.169128
4.504000,0.840037
4.506000,1.402593
4.508000,-0.446090
4.510000,0.039791
4.512000,0.135633
4.514000,-0.589545
4.516000,0.553420
4.518000,0.310179
4.520000,-0.155164
4.522000,0.265247
4.524000,0.330728
4.526000,3.423681
4.528000,1.707910
4.530000,0.815574
4.532000,-0.752646
4.534000,-1.511716
4.536000,0.997577
4.538000,0.035298
4.540000,1.079555
4.542000,2.628445
4.544000,1.608413
4.546000,1.606916
4.548000,-0.239627
4.550000,1.232662
4.552000,2.107034
4.554000,0.010590
4.556000,0.040100
4.558000,-0.488075
4.560000,1.028259
4.562000,2.487048
4.564000,1.740919
4.566000,3.992612
4.568000,2.270277
4.570000,1.518184
4.572000,0.525213
4.574000,-1.022229
4.576000,1.824127
4.578000,1.298402
4.580000,2.182325
4.582000,1.837869
4.584000,1.105703
4.586000,4.139004
4.588000,1.955329
4.590000,2.073747
4.592000,1.766757
4.594000,0.613788
4.596000,0.795198
4.598000,-0.137363
4.600000,2.029325
4.602000,3.988754
4.604000,3.046842
4.606000,3.082269
4.608000,1.319959
4.610000,1.680271
4.612000,1.665060
4.614000,0.311005
4.616000,2.704934
4.618000,1.906018
4.620000,2.137082
4.622000,2.174969
4.624000,1.907718
4.626000,4.077540
4.628000,2.980716
4.630000,2.159210
4.632000,1.049437
4.634000,-0.074505
4.636000,1.244551
4.638000,1.674437
4.640000,2.707139
4.642000,3.464365
4.644000,2.764737
4.646000,2.533509
4.648000,0.865650
4.650000,1.788556
4.652000,3.637986
4.654000,0.708113
4.656000,1.162669
4.658000,-0.368669
4.660000,1.180830
4.662000,3.255450
4.664000,1.971971
4.666000,4.041541
4.668000,2.818766
4.670000,1.631576
4.672000,-0.312597
4.674000,-0.967685
4.676000,2.451067
4.678000,1.972960
4.680000,1.555460
4.682000,1.940940
4.684000,0.571849
4.686000,2.933122
4.688000,1.669576
4.690000,1.607982
4.692000,1.750337
4.694000,-0.173508
4.696000,0.004329
4.698000,-0.592671
4.700000,0.898220
4.702000,3.620573
4.704000,1.875949
4.706000,2.596023
4.708000,0.248714
4.710000,0.182115
4.712000,0.399595
4.714000,-0.995580
4.716000,0.956490
4.718000,0.277933
4.720000,0.323640
4.722000,0.733819
4.724000,-0.131391
4.726000,2.936796
4.728000,1.928245
4.730000,1.067395
4.732000,-0.670218
4.734000,-1.555311
4.736000,0.323795
4.738000,-0.654275
4.740000,-0.157709
4.742000,1.581012
4.744000,0.953936
4.746000,1.656890
4.748000,-1.104215
4.750000,-0.348045
4.752000,0.919661
4.754000,-0.972920
4.756000,-1.172804
4.758000,-2.121931
4.760000,-0.310058
4.762000,0.913110
4.764000,-0.126568
4.766000,1.708944
4.768000,0.732717
4.770000,-0.516437
4.772000,-1.862538
4.774000,-3.548984
4.776000,-0.476728
4.778000,-0.406764
4.780000,-0.259859
4.782000,-0.601573
4.784000,-1.106547
4.786000,0.322785
4.788000,-1.196036
4.790000,-0.597566
4.792000,-0.343875
4.794000,-2.449710
4.796000,-2.534348
4.798000,-3.744851
4.800000,-1.268880
4.802000,1.370557
4.804000,-0.379963
4.806000,-0.018163
4.808000,-0.889009
4.810000,-1.873038
4.812000,-1.343317
4.814000,-3.084811
4.816000,-1.267745
4.818000,-2.107665
4.820000,-1.520922
4.822000,-2.203334
4.824000,-2.145635
4.826000,0.681974
4.828000,-0.277444
4.830000,-1.486825
4.832000,-2.337218
4.834000,-4.012616
4.836000,-2.565513
4.838000,-2.978969
4.840000,-1.724133
4.842000,-0.311561
4.844000,-1.173162
4.846000,-1.076677
4.848000,-2.590190
4.850000,-1.866447
4.852000,-1.031035
4.854000,-2.979032
4.856000,-2.210845
4.858000,-3.778183
4.860000,-1.252039
4.862000,-0.746731
4.864000,-1.531833
4.866000,0.009172
4.868000,-0.883627
4.870000,-1.984025
4.872000,-3.776138
4.874000,-4.614161
4.876000,-1.509762
4.878000,-2.219417
4.880000,-1.763340
4.882000,-2.002409
4.884000,-2.411337
4.886000,0.143126
4.888000,-1.632222
4.890000,-1.883067
4.892000,-1.501307
4.894000,-3.082313
4.896000,-2.418714
4.898000,-4.284686
4.900000,-2.111087
4.902000,0.313963
4.904000,-1.468968
4.906000,-0.735901
4.908000,-2.281391
4.910000,-2.076296
4.912000,-1.796299
4.914000,-3.819933
4.916000,-1.425711
4.918000,-2.048379
4.920000,-2.120316
4.922000,-1.254763
4.924000,-2.100883
4.926000,0.943596
4.928000,-0.681635
4.930000,-1.640880
4.932000,-2.005318
4.934000,-3.500301
4.936000,-1.949139
4.938000,-2.453501
4.940000,-1.275861
4.942000,0.911349
4.944000,-0.494691
4.946000,-0.785789
4.948000,-2.697818
4.950000,-1.633984
4.952000,-0.538729
4.954000,-2.610592
4.956000,-1.811248
4.958000,-2.635273
4.960000,-1.570225
4.962000,0.034100
4.964000,-0.476091
4.966000,1.730258
4.968000,0.419575
4.970000,-0.958073
4.972000,-1.801677
4.974000,-3.109868
4.976000,-0.142597
4.978000,-0.747884
4.980000,-0.567170
4.982000,0.260832
4.984000,-1.004948
4.986000,1.774802
4.988000,-0.401126
4.990000,-0.268558
4.992000,-0.373950
4.994000,-1.620809
4.996000,-0.892794
4.998000,-2.500385
